name,link
ESzlIzyO.mp4,https://drive.google.com/file/d/1TeP3CQeOfZ3So5oNIspaAoe8WKhWCtOC/view?usp=drivesdk
zN0O4jLu.mp4,https://drive.google.com/file/d/1EtZjTclpkXz0MOmEjrPGgo4u137UpoM3/view?usp=drivesdk
nM7tQcBS.mp4,https://drive.google.com/file/d/1tqKzH6EUWkxCc5pf17jIhEJ6M3DLVttr/view?usp=drivesdk
OuYG4U64.mp4,https://drive.google.com/file/d/15Lg9bH8wdMfZt0lSdLvbYrR-da0WWpfi/view?usp=drivesdk
tFSyXitq.mp4,https://drive.google.com/file/d/1HIrwQhskxw-Z3BAnBUMinpP0QS_GG6e0/view?usp=drivesdk
jasA5s93.mp4,https://drive.google.com/file/d/1Jd-9Pr6I3ja8KRh2_FRJoBZAUr6DkLRw/view?usp=drivesdk
a59COYtO.mp4,https://drive.google.com/file/d/1ivb5U0jS0-OPLaW87D9wr_zFUeXrYutu/view?usp=drivesdk
GjPHiGli.mp4,https://drive.google.com/file/d/1cmM9np5unWOsNWm5Pzanaf_0Bmjfrpc9/view?usp=drivesdk
FFnomQTi.mp4,https://drive.google.com/file/d/1pe0JI3F1J7Q8Lnjw_OpOx42V0Ul0ucv3/view?usp=drivesdk
f0Ts7NJh.mp4,https://drive.google.com/file/d/1tRtMKPzbQ8njgv-yi7LiUtnvuuYHu3RG/view?usp=drivesdk
MVWT4FfX.mp4,https://drive.google.com/file/d/1Gu9_7fzBCZ0FnzKEas564LElpt0-ZffW/view?usp=drivesdk
WRgBWkBO.mp4,https://drive.google.com/file/d/1DL0SoJUe1YDgVheL7dtOvTUzr0iO90nT/view?usp=drivesdk
zbI7ifl8.mp4,https://drive.google.com/file/d/1WwX8cslHGREfGeimVBG8Hd__WDOFJVzH/view?usp=drivesdk
ujkGAy6u.mp4,https://drive.google.com/file/d/1I-PwgamnRW6PMTilwqdtUKwxYJVXWOwI/view?usp=drivesdk
Kc2t70BJ.mp4,https://drive.google.com/file/d/1JecLqfUy_J28BmcWyCs56BeyCThYiD6b/view?usp=drivesdk
EHotqA24.mp4,https://drive.google.com/file/d/1pddFNg1yo-cEgm5Pxd3SytL63krSUU-V/view?usp=drivesdk
1G4rSy98.mp4,https://drive.google.com/file/d/1evTgxKwgQ5I1ovjGJDtJ8VHhP_YkvYx8/view?usp=drivesdk
l230IPIW.mp4,https://drive.google.com/file/d/1_K8j6uCv8_S3JHQyDTssLXSBeTx7OzO-/view?usp=drivesdk
hhg6N9lU.mp4,https://drive.google.com/file/d/1XQBQ-LhSJdrzf8Mfncndr0Qu88n3BR34/view?usp=drivesdk
gbNgqUpT.mp4,https://drive.google.com/file/d/1WidfPqOU1sd3RzGXioBXaWmxnEVNHgo4/view?usp=drivesdk
DckqPvXh.mp4,https://drive.google.com/file/d/1a2MoSyPuB-2cxwkWq63DrRcj3TP9Sn9C/view?usp=drivesdk
ztKJoXiw.mp4,https://drive.google.com/file/d/1T-X3pjBPLP8bweE24zlNwCh20hL2OqNx/view?usp=drivesdk
4b23aG2i.mp4,https://drive.google.com/file/d/1U5nTz3zS56nSOkCtEjXPMuvXVd1WAp_u/view?usp=drivesdk
MfzjZe52.mp4,https://drive.google.com/file/d/1BFIbbsEfgLq8SBuS3Y_DV_8yR0gNWdoD/view?usp=drivesdk
SeLh3ENk.mp4,https://drive.google.com/file/d/1cK24bYMeGlbS25biXcgKD8ONNc7aoJ3L/view?usp=drivesdk
VN1pIYPc.mp4,https://drive.google.com/file/d/1PoLPOW08kyHm6U-oOo90B1_5aa3VKS0s/view?usp=drivesdk
R8eFySk4.mp4,https://drive.google.com/file/d/15b9381zB2hQ4bcOi0NRvW0FUZ_DnLTJx/view?usp=drivesdk
t86vURE5.mp4,https://drive.google.com/file/d/1MbsTh24St-WJ_-x7U3uzJsyEqVgjy8J_/view?usp=drivesdk
M0sPVbHP.mp4,https://drive.google.com/file/d/1GiR4wpvNiOab8pM1GNrXF8xbbjv-O6Tj/view?usp=drivesdk
0nUjlcd7.mp4,https://drive.google.com/file/d/13KQb-R8Sc3Ie__foknppfTQUtV_eVoW4/view?usp=drivesdk
XVvERXzh.mp4,https://drive.google.com/file/d/1DS_GkPSrIz3DwJgU0WGkJSI4PoVSjjOK/view?usp=drivesdk
K3kAlO0U.mp4,https://drive.google.com/file/d/1tbABG2-iXPPTLABkM3d70rpQmrt2fCS3/view?usp=drivesdk
P2CZntyu.mp4,https://drive.google.com/file/d/1PRlPLFNZ-KIDwFFQkpcrjzrx2we6hb7k/view?usp=drivesdk
UpNWCJ9a.mp4,https://drive.google.com/file/d/1yelVKYftpDwvS4J157fdq5AuEFpqG5qn/view?usp=drivesdk
ufQZNsiU.mp4,https://drive.google.com/file/d/1bo6JLSnviZNkHzwrsg5G0Rg6OuUAxyey/view?usp=drivesdk
XkrRgefi.mp4,https://drive.google.com/file/d/1TUvr6TgBycezC6HiQT41gAlDm3x9sNG8/view?usp=drivesdk
VPQJGG4D.mp4,https://drive.google.com/file/d/1qDxh0UxToUY_PTDswyYUL_zlKiZ0V4D7/view?usp=drivesdk
m43FWyiY.mp4,https://drive.google.com/file/d/1Y8oB5RANTrYz82fjZf3dYa1aon-j-68-/view?usp=drivesdk
bePyG1Du.mp4,https://drive.google.com/file/d/1bNu8zkPtuLlKwFbYyTMiWT-r1lOIDIvA/view?usp=drivesdk
mYXJQupd.mp4,https://drive.google.com/file/d/1_FtSRWa2buwHi2uyp366NipFq7VQLLxb/view?usp=drivesdk
d4F5xQy9.mp4,https://drive.google.com/file/d/1V5d3fvFn8qCTUTaDfVcOfMlI5bop34al/view?usp=drivesdk
4WBQNF9z.mp4,https://drive.google.com/file/d/1FO6EMud2WtSFfNmz1gBEez6R-g0GHDEP/view?usp=drivesdk
5ghmRK1h.mp4,https://drive.google.com/file/d/1fLcD-55_fLK63ZglihNJ4gtjJlSZGbQm/view?usp=drivesdk
ut7ckdyI.mp4,https://drive.google.com/file/d/1ihrelzb1H-QUCrSPbJppIlPU8JfYF5h5/view?usp=drivesdk
eOBg4mwH.mp4,https://drive.google.com/file/d/1FTxwsrEhGub9UXeS7a707lWSW3riZ_ww/view?usp=drivesdk
hKEWIYx3.mp4,https://drive.google.com/file/d/1gJncKTNVnTbkaAEizjZpK1zOVDrLdx0h/view?usp=drivesdk
X5kmXm2t.mp4,https://drive.google.com/file/d/17xGeZR9So6xzXXsdiJjWnjZ4tT5rkttG/view?usp=drivesdk
1wXKj1Hr.mp4,https://drive.google.com/file/d/1Fqxy73ALs1zClxBUjSAnwCWmo6HKXZRo/view?usp=drivesdk
YsYVO0J6.mp4,https://drive.google.com/file/d/1vb-39Ae_ZEHyE2yFDoNWu77dnApAKRaM/view?usp=drivesdk
jD5WJNcX.mp4,https://drive.google.com/file/d/1JseI9gGh-T2UzsnZNClKhu4c_ijMNXwX/view?usp=drivesdk
gXhE9VUw.mp4,https://drive.google.com/file/d/1lXNpZv9TIoPH0CRvrlD0IYGdBlnUaP1T/view?usp=drivesdk
02MJoCiL.mp4,https://drive.google.com/file/d/1-xUEXnWTOWFDQDnxSh50OZFhpuhHm2Pz/view?usp=drivesdk
O21FTG3F.mp4,https://drive.google.com/file/d/16zIpSx6XYECHeSVDakwPG0_r7HTDTv1Q/view?usp=drivesdk
F2FtnWVJ.mp4,https://drive.google.com/file/d/1Khq-14ghCATVNa-YCH3FHIXrhtlkXncc/view?usp=drivesdk
iZF84FWQ.mp4,https://drive.google.com/file/d/1aoQUrbfh2YbT87iDG2Rq1-6uH6v0HNKb/view?usp=drivesdk
g9WGBFnV.mp4,https://drive.google.com/file/d/1kSliuPttvWqFS7D3xG4dtBAipioBS1CQ/view?usp=drivesdk
o9xCf7YI.mp4,https://drive.google.com/file/d/1RC_tZil3Z2qr1k28jdQPWqloapypQrOs/view?usp=drivesdk
s5WeVta1.mp4,https://drive.google.com/file/d/1hHJGqlFbyOOra9Oqj9rjDkA8G57XHsQZ/view?usp=drivesdk
q8FyLMSn.mp4,https://drive.google.com/file/d/14gTXjFyjou_NKGmIpy9p0kG97r8mFSdn/view?usp=drivesdk
OelGSgE9.mp4,https://drive.google.com/file/d/16kp02bOBs5bebtJPJy2iVzjQZ9y2A0a-/view?usp=drivesdk
IpAvcDzr.mp4,https://drive.google.com/file/d/1zJT5KwYbHsZCy0Kvuf2jCR485I0jtdLh/view?usp=drivesdk
vxlC5KaR.mp4,https://drive.google.com/file/d/1-SiD7ypymrR_oSsuQtT1ym7xyt77EV06/view?usp=drivesdk
ahs2loij.mp4,https://drive.google.com/file/d/15LodUnEOey8uSKoYv5Jtomik4V56Qdn8/view?usp=drivesdk
L2GIBJN1.mp4,https://drive.google.com/file/d/1J0y0abbor2frhWI_saGYOOhtSwYeRJJ5/view?usp=drivesdk
UWhrbKTC.mp4,https://drive.google.com/file/d/1MtHY5EBCQFT2F0VZew2GxSi4RAfg8Xuh/view?usp=drivesdk
5k0NQN5p.mp4,https://drive.google.com/file/d/17SQbpczxokFswgY58NgjT-R1-7NX-s22/view?usp=drivesdk
ki0h6Zdb.mp4,https://drive.google.com/file/d/1aQwWXauBD05iGvClBuzbYFtCGxdMNQH_/view?usp=drivesdk
iVGPuONf.mp4,https://drive.google.com/file/d/1Zu00DNZ3gEv_-zQMysHFwyDH_FPpo18d/view?usp=drivesdk
zSWVNAon.mp4,https://drive.google.com/file/d/1004aR8KrfJUOjiLZQ72di3xDBUIJYGMO/view?usp=drivesdk
ogsPBgBT.mp4,https://drive.google.com/file/d/1PArU0lnlrKIj1eFQZ2R37UDoMVnWJ7nP/view?usp=drivesdk
xWZi5URn.mp4,https://drive.google.com/file/d/1PdKjlOXxJX8NlIgVz8Gbce8ATwKHlXJY/view?usp=drivesdk
RJVU9j8P.mp4,https://drive.google.com/file/d/1Tz6QcGdwLJqmiE8Ziq8gaqrohraZa6Zr/view?usp=drivesdk
we9IrnZq.mp4,https://drive.google.com/file/d/1uWmAG2nIE85FQ6wwHr6FFzd77o6TeAst/view?usp=drivesdk
4RLH9WCs.mp4,https://drive.google.com/file/d/1yx0iBBe5DGMLSpzlRgJg69z3oTq73__M/view?usp=drivesdk
oE7OaXfV.mp4,https://drive.google.com/file/d/1N774slNNTvAWoyu_U_07DBuDYnv1StXp/view?usp=drivesdk
OioJ5LuN.mp4,https://drive.google.com/file/d/1HDehOMC1EzQ4cjAsWiIdWNdJHXJviKcI/view?usp=drivesdk
ZAn8qhAb.mp4,https://drive.google.com/file/d/1Z6U3KgYzKRtvaytBsd_qQlt6OGpdV0OU/view?usp=drivesdk
PcUj1dc8.mp4,https://drive.google.com/file/d/1G_RUjJADG_eTAL5K7NbaqEbXt1JU5leY/view?usp=drivesdk
yMjX098h.mp4,https://drive.google.com/file/d/1xfm8zVJa5yK2FhDKRd_WFoALe4Lq-3Pv/view?usp=drivesdk
UyccVGnu.mp4,https://drive.google.com/file/d/1sbUEkTuwzlEabLn-6xHdrByqvXVtQ4uN/view?usp=drivesdk
PHr2f4TQ.mp4,https://drive.google.com/file/d/1RDKyD34b_NqJAXAav-s9lpf6rEutCjx-/view?usp=drivesdk
k3YTjMU4.mp4,https://drive.google.com/file/d/18fYz4xtn-QaiiiNYt9kuQD8eFPFH6ici/view?usp=drivesdk
TQyNNoOf.mp4,https://drive.google.com/file/d/1rYlyMuxLIg9vNnok5lKpTrhqmEs0NWRy/view?usp=drivesdk
zGObVmrM.mp4,https://drive.google.com/file/d/1RbygJLJl1BYoPCytRF-4nPIVrubQIY2B/view?usp=drivesdk
ULS1fTmQ.mp4,https://drive.google.com/file/d/1sSg6Nx2bdBPA70CYEmL6DcbkOPDZC_8j/view?usp=drivesdk
5illwZ0w.mp4,https://drive.google.com/file/d/1xZZu12QqbnfKLt39PVNgXnBctSwYfSj9/view?usp=drivesdk
vJppbtm5.mp4,https://drive.google.com/file/d/1LwxQ4P8qtHzfY4hdlMzExH3VlF4ZdyBV/view?usp=drivesdk
BFP7TMfA.mp4,https://drive.google.com/file/d/1hwYSbElJ1CwPFiu18yOpGD1N0NGkYtaJ/view?usp=drivesdk
4Lm6PzX2.mp4,https://drive.google.com/file/d/1L5mC8UgnMSECdo2QRRpkV_7RdCc51doD/view?usp=drivesdk
gkyOGI21.mp4,https://drive.google.com/file/d/1Mq7SpDh92IGrhLRmmXPozNSS3o7QlNBh/view?usp=drivesdk
i9oVbbz6.mp4,https://drive.google.com/file/d/1uNjoERCYb_6jKd0PH0MbdYSRa85SuCW8/view?usp=drivesdk
osrCJbfp.mp4,https://drive.google.com/file/d/1mWcxXTD4VEDtwgXBt5Y7i1-bFsMY1b9I/view?usp=drivesdk
MVZpHgro.mp4,https://drive.google.com/file/d/1FFyiiR0zMdWpqMFaYbGxiIOm-tOV8AtG/view?usp=drivesdk
hf11lq0l.mp4,https://drive.google.com/file/d/19Zty4bLQVgeizcHYu-adedQ_e8kwF5ad/view?usp=drivesdk
OcZnQ9aZ.mp4,https://drive.google.com/file/d/1mzE8Q7BKAVAOVWzWi2sxgP8DBnItgqdq/view?usp=drivesdk
8CHx7D0i.mp4,https://drive.google.com/file/d/1Gd0xLU7GKrQj8qcHzIy3rqdJQWzoXfE3/view?usp=drivesdk
KmpRQuJD.mp4,https://drive.google.com/file/d/16bfQDeOr_RX0J8OkAgIoKZSnc50c7K60/view?usp=drivesdk
dRN9a0uf.mp4,https://drive.google.com/file/d/15XhLxqnmWpfQk4yOU_AdjrY6hbtEadcR/view?usp=drivesdk
Zj2jtm25.mp4,https://drive.google.com/file/d/1YdXcEKbV_7EPYa4hrZfD1rrjoUdOvJRL/view?usp=drivesdk
y3ET3wKE.mp4,https://drive.google.com/file/d/1h0PNDURkblbSfoLD-tAUmuRb6hMBr_D2/view?usp=drivesdk
RFibHPt7.mp4,https://drive.google.com/file/d/1BELrQQ_f-la8-YLx6L2oQIkJ5Ad8XpsC/view?usp=drivesdk
sUlatygS.mp4,https://drive.google.com/file/d/1V_OhfXRFoDIC5kNtXCQDk4-pX3qudSHU/view?usp=drivesdk
XG46gE0Y.mp4,https://drive.google.com/file/d/1erhEg8VNXDGaz8ZkSTJUE3j4FUM88L2V/view?usp=drivesdk
yt2AP5Lo.mp4,https://drive.google.com/file/d/1EWcZc2BXsGFdHcjC7US-FfGRL09ip8TB/view?usp=drivesdk
NCmOpQMW.mp4,https://drive.google.com/file/d/1eFOIpVXrKiFJbDk-sEjaI0SVhjna6Rxs/view?usp=drivesdk
BMBD4fpK.mp4,https://drive.google.com/file/d/1B9OajOwTIegixUZNfrjbbzkznpM4C9TO/view?usp=drivesdk
4RF13po6.mp4,https://drive.google.com/file/d/1lpdMjopiIeDeW-vBLOQKLJECo8OATa3U/view?usp=drivesdk
Cw8bz9tw.mp4,https://drive.google.com/file/d/129trzyRhT363BNxLtyYHArbG6JN5NRUL/view?usp=drivesdk
RhRnfeBp.mp4,https://drive.google.com/file/d/1LnNoP5b7Ca-XoPK1VAPmy7K-oRm_3rh1/view?usp=drivesdk
nwg8qbmZ.mp4,https://drive.google.com/file/d/1SEXYim3ZZayseTt7kcokvnPNirpI81QL/view?usp=drivesdk
DgMe11y3.mp4,https://drive.google.com/file/d/1bSOMdbDzVcbkG9KRZtQM_1qcnykkNlv3/view?usp=drivesdk
RZ584xig.mp4,https://drive.google.com/file/d/1xV2Xnx3-5DaPX91fdC9yXDv4FDXSzP-0/view?usp=drivesdk
uBFpj4lx.mp4,https://drive.google.com/file/d/1RMpUORxWp3aWh_5YpiHMKd_JzWVcDjzI/view?usp=drivesdk
nyRH10Bw.mp4,https://drive.google.com/file/d/1Elyw3N-wsTntJLU4H6tVJdQNvClDbEyR/view?usp=drivesdk
UZ9Vsj7D.mp4,https://drive.google.com/file/d/1tMv1iLOCcZmIWFcWevLHibnwWlb9MI4-/view?usp=drivesdk
ZyF5gFL7.mp4,https://drive.google.com/file/d/1lAl_-Ghvf-XWJWsBmpg9mOmO0BzJ0-MZ/view?usp=drivesdk
RuSZ5rNP.mp4,https://drive.google.com/file/d/1TGUb0jMd9dKNJmAW9bk54PezfKTd2Cl1/view?usp=drivesdk
JUvMRml6.mp4,https://drive.google.com/file/d/1RzTCCIJNt5wQ2hxU0IibgoPO1coZDfaY/view?usp=drivesdk
g2W4FUSb.mp4,https://drive.google.com/file/d/1jILvs8XsfD-JH-eJxLokeAYPKe2WvvA8/view?usp=drivesdk
obDMup1i.mp4,https://drive.google.com/file/d/1ymwLMoztzN_b7zcrX4Oofsdbu_GiqJ7s/view?usp=drivesdk
nvvWjNuQ.mp4,https://drive.google.com/file/d/1pX69JrV98HmBwfd1ICqkYR3iUWYh2Brl/view?usp=drivesdk
EL0qvt0M.mp4,https://drive.google.com/file/d/1jHZ0wBVqmx1iWYm1NI6liadoRTZJCVGf/view?usp=drivesdk
l58jyPMn.mp4,https://drive.google.com/file/d/1t5EhXLW9EiESeiPRyS3cU-HB6NtKgTC3/view?usp=drivesdk
ovgMFqBi.mp4,https://drive.google.com/file/d/1Q6CEVxfRns2sngb9srkYGaC6ZucFRPud/view?usp=drivesdk
dmWVXiPM.mp4,https://drive.google.com/file/d/1s-48H8Md2hHs88Ho3hNlHAd5bVrc3GSd/view?usp=drivesdk
6U6mieI8.mp4,https://drive.google.com/file/d/1E0oEol6mBTqJWGHytTbqQWqS9ojSBPxF/view?usp=drivesdk
0B2dfO4b.mp4,https://drive.google.com/file/d/1J2WuvXCKs244SviYFGY6dhjHQfACT1wQ/view?usp=drivesdk
6PBhAWnI.mp4,https://drive.google.com/file/d/1RhATHzr7sTT6BV3zSplYSIk_v1sdt8JH/view?usp=drivesdk
sVBFurAm.mp4,https://drive.google.com/file/d/1i9GO4fAjqWBEBKLevENBZ84Zhb_wQjJp/view?usp=drivesdk
C5LRwSjU.mp4,https://drive.google.com/file/d/1Curr4XA7CT5kqGHJM9yzvdxAacE9XtGx/view?usp=drivesdk
kGiGTaIW.mp4,https://drive.google.com/file/d/1rOnbaWk8r9DOlWWdbSeGqvNuUDoViEoG/view?usp=drivesdk
JKDP8D2e.mp4,https://drive.google.com/file/d/1Pc79JJAhNScmSt7_6NGiLG7l15ZzzT9K/view?usp=drivesdk
CCBwJuQg.mp4,https://drive.google.com/file/d/17cYgs29LK7AoyNINpLN8RwZeiDUEapOE/view?usp=drivesdk
Ar8WVEB8.mp4,https://drive.google.com/file/d/1H7Gpdpj7LsUOX_7Y4cH244U0q613YYNa/view?usp=drivesdk
xMJoV8Kz.mp4,https://drive.google.com/file/d/1-lKxDN2yVbN5Af_8gKfuUmy3Gy1jcVYY/view?usp=drivesdk
kHl7BBo3.mp4,https://drive.google.com/file/d/1lWrXSHsuPNt_5xb-eVU0qQA9RuwIw1La/view?usp=drivesdk
zIDgWdoU.mp4,https://drive.google.com/file/d/1QFfabbiHyTdq8Yuvw-rrvjKHSHgqwQYA/view?usp=drivesdk
CvpdKx9g.mp4,https://drive.google.com/file/d/1XzkB34IsbgGqLnDkkU2T1undD9fbjGnT/view?usp=drivesdk
uwtiYEpw.mp4,https://drive.google.com/file/d/196AyrkI43e6ehVdkMWf5LsyUtU1cOxzC/view?usp=drivesdk
nkcnBgOa.mp4,https://drive.google.com/file/d/18WJtDfLkMcWNLewuVrj0IW5aoIiNuuZZ/view?usp=drivesdk
BvPM57u7.mp4,https://drive.google.com/file/d/11G3YUdTJTXx-K_RV-ijoYCtbyef5cS-8/view?usp=drivesdk
Aq75NMHO.mp4,https://drive.google.com/file/d/1w-Wry8Y8oAxNM1P4f6SIqK2XFvvlB082/view?usp=drivesdk
w2Q5bJMv.mp4,https://drive.google.com/file/d/11Ew2x6gYADEwY6Bb9aakkGLLxIeZ0OQl/view?usp=drivesdk
Ybch0Nl3.mp4,https://drive.google.com/file/d/1w4fg_dUyvzNaydArNxzajEl8cXTtmdW7/view?usp=drivesdk
caBwjxX8.mp4,https://drive.google.com/file/d/1Ms_qfAh9GcuHLMcmawcdLf8vQSdISwzI/view?usp=drivesdk
VKW2KzGC.mp4,https://drive.google.com/file/d/12Bp4rbEN2ZgO-QMiASPkB8H-ABmuYvru/view?usp=drivesdk
4dh5A2nv.mp4,https://drive.google.com/file/d/1fGb61SJObmOzZU6DKB5B1-ByCYANlYct/view?usp=drivesdk
5y8S8nC6.mp4,https://drive.google.com/file/d/1BbiuwR9lJxqkIOT1X7zspbCQMP8jSlE6/view?usp=drivesdk
bR8vqmI1.mp4,https://drive.google.com/file/d/1nHYYd4-cGUSRf82h8wML8O32n2Xc1bk6/view?usp=drivesdk
3nkxadKi.mp4,https://drive.google.com/file/d/1UElHIbTTD1hisbDJL5zGU0Qd6X12cAbb/view?usp=drivesdk
Ytlu6T69.mp4,https://drive.google.com/file/d/1WrJO2ayYg2ufFJuxuzwFoXZwzBIoKvO9/view?usp=drivesdk
yQpqLCPL.mp4,https://drive.google.com/file/d/1Urv2u925E2AkwHVKmkN1AAfL8VY56Om9/view?usp=drivesdk
HA57ijek.mp4,https://drive.google.com/file/d/1sB5cSZOavfCXZumgUe2TuG3GAIOer-rJ/view?usp=drivesdk
woyjGsIt.mp4,https://drive.google.com/file/d/1hR0UMQsVT65VzWGW7Yg2apjRDC0RfeEQ/view?usp=drivesdk
RyeFHRQj.mp4,https://drive.google.com/file/d/1htjGFfcXZPW6RSVYeQ8sS0WkYm08WGtF/view?usp=drivesdk
yKdKYz23.mp4,https://drive.google.com/file/d/1LS318tVbTReU9-TZiLK688ItofdZuOmg/view?usp=drivesdk
bOX5dXn8.mp4,https://drive.google.com/file/d/1MzBnd4oegz4yUNTZ2MuNFSfadtYgF2xv/view?usp=drivesdk
x6NSfgSJ.mp4,https://drive.google.com/file/d/1GdF5LF4OeJs5WOZSzKC5uPEdUA3jalmj/view?usp=drivesdk
arPGgOEf.mp4,https://drive.google.com/file/d/1tdP5l03oATfBQ8j8tTj8Em0bmMykBKI8/view?usp=drivesdk
yLg2ggAE.mp4,https://drive.google.com/file/d/1bPa7N3EXww9iz8kSGSqV01Mbg3z_EwKJ/view?usp=drivesdk
bFIh8shd.mp4,https://drive.google.com/file/d/16oTeQNCTCBLiwgkmVQ1jzGWeqltDq_q9/view?usp=drivesdk
f8iKrVUp.mp4,https://drive.google.com/file/d/1otmRDuLXVR-ldHMn1D9wiSFJlO5yMomN/view?usp=drivesdk
h08bvb14.mp4,https://drive.google.com/file/d/1oSM4RCZPSA9BrpUAV7Q_aROF8AZzVgjB/view?usp=drivesdk
vLEhUnMj.mp4,https://drive.google.com/file/d/1Rg7PKJawpoCxZmGjGRmW3sUie6kK88gN/view?usp=drivesdk
RzvCZXa1.mp4,https://drive.google.com/file/d/1vch3KNNcaaPOnLng-IVm_QM0gpyuo5Pm/view?usp=drivesdk
ZbuDvcLk.mp4,https://drive.google.com/file/d/1F0sc1oB5Dz-lIfL26Ibv1LpW7rrjhcDQ/view?usp=drivesdk
uSnrgTDe.mp4,https://drive.google.com/file/d/1BMND_QTREzt4rd1I0hTOlzqYWgEpnE4G/view?usp=drivesdk
KNaNAjLP.mp4,https://drive.google.com/file/d/1IYlGDcEoNnq_FZfjLjiH5vuf_OWPwZMK/view?usp=drivesdk
Jz7HcSm7.mp4,https://drive.google.com/file/d/19IRvnXoSGnGeyFnXKsy3dKqXHLp3yxMT/view?usp=drivesdk
O2Kvv0GJ.mp4,https://drive.google.com/file/d/1yKnYOms5x-nv8sSVRcFNbl0gx5EOD1bX/view?usp=drivesdk
dHsx22mJ.mp4,https://drive.google.com/file/d/16up9CAWfXfW1w5bMYQQ8_DslIVg4m5bp/view?usp=drivesdk
UmopdCFg.mp4,https://drive.google.com/file/d/1GwHx4NWsPx5MdRbotcAPBnlQrZZPpl3G/view?usp=drivesdk
peruznFM.mp4,https://drive.google.com/file/d/1snq4FcVi8dwbNsMJ4dNiXo9hJatT_oRZ/view?usp=drivesdk
MSYVAPeM.mp4,https://drive.google.com/file/d/1T5NjMj764dRWoATzQ-pqcywassTsGgP-/view?usp=drivesdk
dG40RNan.mp4,https://drive.google.com/file/d/1ciua09aT4LcJIl1WhoScGYyo4Jkij38Y/view?usp=drivesdk
Qk66Dk9d.mp4,https://drive.google.com/file/d/1PHyphvbrR3RxPonPzHJWXVFU9WqiE8wM/view?usp=drivesdk
mxKQbPdW.mp4,https://drive.google.com/file/d/1VTfOpDk6clhsyAiK9yMNpyVbl4346Z48/view?usp=drivesdk
byzUmGWJ.mp4,https://drive.google.com/file/d/1CKlsS-eulkP6x1bVdv2H-IDze-OrZEun/view?usp=drivesdk
nyqYkUq8.mp4,https://drive.google.com/file/d/1h8K8jFmoqCuSF0E53WSI9Jk_qp3LHXuD/view?usp=drivesdk
FsNM5n5s.mp4,https://drive.google.com/file/d/1-kOqZa9M8w5jjE9nnbJSTbzcFRVnjxOO/view?usp=drivesdk
Di0gPE0H.mp4,https://drive.google.com/file/d/1aWlA6LWa2GUbNnWJw0dYdiCASsPaS12m/view?usp=drivesdk
SnYQMMBW.mp4,https://drive.google.com/file/d/12Es5RF-taIg9RrV0pvYMbXgpA82Nvdy0/view?usp=drivesdk
gQS9V6ab.mp4,https://drive.google.com/file/d/1Nx9m9bBexLeczEU9j4Q-mBMqTlV76ql7/view?usp=drivesdk
98l8KpqV.mp4,https://drive.google.com/file/d/16YssMkxYBIN4E6p1GvVzZYUoK5usgJ_m/view?usp=drivesdk
cr0mCZNx.mp4,https://drive.google.com/file/d/1XErOJVzWTufeHGON8Zc4jcnc_RsprRSx/view?usp=drivesdk
RyGoZ15h.mp4,https://drive.google.com/file/d/1IpmDTXiUPA1XybAXrbZndQtycO9kBTr1/view?usp=drivesdk
PJ2s4y3i.mp4,https://drive.google.com/file/d/1ynrn2W_2alv-B2TCt_Fldhne85NcC5XS/view?usp=drivesdk
3V48Be8p.mp4,https://drive.google.com/file/d/1i0GuOjGCBKpO0tNY04m_y3RKB_IUbNSk/view?usp=drivesdk
YJWapbq3.mp4,https://drive.google.com/file/d/1Rv58z4UH6tOOdbQEs9EATueJ6ZYSSRcu/view?usp=drivesdk
GWB9Uvrb.mp4,https://drive.google.com/file/d/1jrbek9-o34ngM28-wQfzAzgfHmS-8JCf/view?usp=drivesdk
U0NC3iwE.mp4,https://drive.google.com/file/d/11az82XFH7_UVUQ6t783uWkLCX1_toJvX/view?usp=drivesdk
ZR3QAZmu.mp4,https://drive.google.com/file/d/1ak4WKAANGI5dGzB4k_BlLPuTqDFW_NB_/view?usp=drivesdk
qiIHjZln.mp4,https://drive.google.com/file/d/16YHJLgGd5LhuJIKB7BP1eVAQVKlphUR2/view?usp=drivesdk
NCK9pYwX.mp4,https://drive.google.com/file/d/1W_cybXWXJkciW76pzzsEd14KwfL73PWA/view?usp=drivesdk
iqQ28Zc4.mp4,https://drive.google.com/file/d/1x0NE-MvOIk15kLtqjEVjMITRqU4wQ4kI/view?usp=drivesdk
jZibdOXF.mp4,https://drive.google.com/file/d/1pvFacVLcpyTgiU1QVtNJy4oc2Kv_2Qzq/view?usp=drivesdk
he6ZJvyq.mp4,https://drive.google.com/file/d/1Xj0FoRYphiFQqyyglrcQJDMf_VwfzPDF/view?usp=drivesdk
fihT2q9c.mp4,https://drive.google.com/file/d/1mjF-xPGksRdhR63nOfA0JurzJacsU7U_/view?usp=drivesdk
xEIsrkiR.mp4,https://drive.google.com/file/d/1dFzGh-dj9K-_3xNYul1_CzGZnR56sqF-/view?usp=drivesdk
ku64Cwle.mp4,https://drive.google.com/file/d/1P2Z7mEYwvemf5vivqb0VkCpn6DJPudRh/view?usp=drivesdk
DEsySNVw.mp4,https://drive.google.com/file/d/1nGfriV9dIOTMgYro1MYVW2qCjuvxhwOK/view?usp=drivesdk
N6l5Ci6H.mp4,https://drive.google.com/file/d/1MFKyBmP6Fvy49jYCmdNYIMqorNOlz-7T/view?usp=drivesdk
HpYl7dTS.mp4,https://drive.google.com/file/d/1N9bJw80TDnr_R-k1ORc-DViQ0Duh4YnK/view?usp=drivesdk
2geyDTFU.mp4,https://drive.google.com/file/d/1QLShB7rW6J7J5Yh9WBJw5iwgXovVInUw/view?usp=drivesdk
8elUiJYv.mp4,https://drive.google.com/file/d/1ITd-Pw10BDFIGzFXBVLdcdcGYg_CEQg0/view?usp=drivesdk
odbnl461.mp4,https://drive.google.com/file/d/1AwyxzRPtzAM_64QAThrNJ0x4IFCvXP0m/view?usp=drivesdk
ry6fCSwK.mp4,https://drive.google.com/file/d/1Nif3exg62YQkZQOtuQSIMB1MkEpAjDh_/view?usp=drivesdk
Q0xDqlUa.mp4,https://drive.google.com/file/d/1Pj7uuz7ZoXeoRWz_epO8bNSAOurL2bFk/view?usp=drivesdk
x77WJ10Q.mp4,https://drive.google.com/file/d/1YAqbj2S9LsbCOu7UxKS12fIJiHEMlaMx/view?usp=drivesdk
6HTqE41x.mp4,https://drive.google.com/file/d/1E3sKSDlfmDurTkqb2V_CL78KAgOocGvq/view?usp=drivesdk
cIvtHO4P.mp4,https://drive.google.com/file/d/1UGquyd_-wMfGzsAxs0hd1F8RhlAZUKyC/view?usp=drivesdk
8S2DLkDz.mp4,https://drive.google.com/file/d/1Zaxo-tsTZWu_rs77YN96Cg4EMug9O07a/view?usp=drivesdk
Abnitm4V.mp4,https://drive.google.com/file/d/13QN9DBXLQBzS3iyVPV6iXom5x-R-5M3v/view?usp=drivesdk
yXxNEYJT.mp4,https://drive.google.com/file/d/1d1v0qOrePB56a2NjJ-X2Bsngr7oibkaq/view?usp=drivesdk
fd7pMJua.mp4,https://drive.google.com/file/d/1riRuaJfsiJ_rIEaJs3i_1Bglyp5D1n3W/view?usp=drivesdk
3sWbPSJv.mp4,https://drive.google.com/file/d/1mPeZkvnFtod-maXlZE6hpTOdl1_gO8Jf/view?usp=drivesdk
HAKCEJWo.mp4,https://drive.google.com/file/d/1soQODzb9LIyVM6kh7USMHYiZqKTiaHlR/view?usp=drivesdk
EzIx57IR.mp4,https://drive.google.com/file/d/1YJAEl24KnJJwWtfuJHLf7HPTsHdNWcXF/view?usp=drivesdk
8dLqK0KT.mp4,https://drive.google.com/file/d/16Dj3YeY7oyuCgr9bvMLvNy8kfgcieV0o/view?usp=drivesdk
fvpJO6dv.mp4,https://drive.google.com/file/d/1CukkBtjIVdUnFh-vPrbxXWyIPl72GPFH/view?usp=drivesdk
egXfYcVu.mp4,https://drive.google.com/file/d/1jPNiZagL2ImRzYmRFWugC_QVgGYkBC3k/view?usp=drivesdk
yZHRUMz7.mp4,https://drive.google.com/file/d/1QFFv2tmCmzspk0Yho2UFYeQnwxO3YUi3/view?usp=drivesdk
z8FFpnMp.mp4,https://drive.google.com/file/d/1A7xfrXYWrrHleQk0m-yoLJMkX5udiEmw/view?usp=drivesdk
pHIS8pPt.mp4,https://drive.google.com/file/d/16iBygVaAC26X3sh5YCDnZ8_2vnr47A0k/view?usp=drivesdk
OPqAVdkO.mp4,https://drive.google.com/file/d/1U3Fw32TK8GvsyK88l3s-hhYCLZQ8TNwW/view?usp=drivesdk
8qkEAiHL.mp4,https://drive.google.com/file/d/1DPwD1v0Jx8DAva0IBwnmJQJCMS_u4KGk/view?usp=drivesdk
pxr3J4Ow.mp4,https://drive.google.com/file/d/1FfSMBQOiXocn9vnD-vzAzQRcQDlJ69EI/view?usp=drivesdk
T3aA8TCd.mp4,https://drive.google.com/file/d/1DOEde2irP71pxbtEjT05WBicoINsE9EQ/view?usp=drivesdk
xgN0wuHW.mp4,https://drive.google.com/file/d/1EQE3rTuOpeOrisRqWQ2R80QSt9s-yhHX/view?usp=drivesdk
knng8zJ7.mp4,https://drive.google.com/file/d/10LTJStmlStbjTNDhNPruauggamQVVI1u/view?usp=drivesdk
Cr8FATng.mp4,https://drive.google.com/file/d/14dV0Bfr6ppxy3YW25dGJEEBMlG3d2DQR/view?usp=drivesdk
WiKfwQG1.mp4,https://drive.google.com/file/d/1L7BPV87zrWB8CY4o9fFHPIie8eMdibmT/view?usp=drivesdk
F6PuVthQ.mp4,https://drive.google.com/file/d/1LVH_bjOP5D4AygWX7JxpD3RsphbYbtqz/view?usp=drivesdk
tFbOCnVv.mp4,https://drive.google.com/file/d/1aJI05ztxJJugjGpUr62_Umrm13tO4XAf/view?usp=drivesdk
ucT4dryZ.mp4,https://drive.google.com/file/d/1nT45Xz0NlOc2Qxh-JsYW-686nMhwNl_v/view?usp=drivesdk
nJNrFOAf.mp4,https://drive.google.com/file/d/1JKX02HWgmc-ROir4unlfeHrIQcFQUx4L/view?usp=drivesdk
Or1k3cMJ.mp4,https://drive.google.com/file/d/11ffbtMisI4-_EXqoJPEmOA0wldusHdWN/view?usp=drivesdk
FDrWmipp.mp4,https://drive.google.com/file/d/1b5KoGhvzGTjr4COu0qjKKo8asgLOAfKZ/view?usp=drivesdk
Awp7L46g.mp4,https://drive.google.com/file/d/1mCiZDRpomWrRHNIBTTEWPs8ixpeGAIwu/view?usp=drivesdk
AA9IzAL1.mp4,https://drive.google.com/file/d/1WqNqC_n5vbNixYahbC7ayFtWC8I7-GUS/view?usp=drivesdk
CWf3eyvo.mp4,https://drive.google.com/file/d/1gr0N2l3dDLRvNutU1Wbhu0dV1CNkUTc9/view?usp=drivesdk
qhvy63Op.mp4,https://drive.google.com/file/d/1XcXGtERczWp8HJ0uhLp-cerf54z84_c9/view?usp=drivesdk
ZC5aJTK8.mp4,https://drive.google.com/file/d/1Jd1puYU4sUhPzMoyrL-1H1kCzZ7HOHuG/view?usp=drivesdk
nqtTzjoP.mp4,https://drive.google.com/file/d/1QQ1JrZBt80Bxeq8noruKwKBNyRvuhlxy/view?usp=drivesdk
qpxWRSOP.mp4,https://drive.google.com/file/d/1_fmGXmrBurE4-OXeTP0pKFWUcp44I4gH/view?usp=drivesdk
fLfdcR9Z.mp4,https://drive.google.com/file/d/1zeP8WZbJ3GmaZK-vO9EWR453FKT7AiKU/view?usp=drivesdk
j3iTbhie.mp4,https://drive.google.com/file/d/1Jzgi9BVCtTolQGDMBdukM_qImeZTTJIw/view?usp=drivesdk
bb8G8L2i.mp4,https://drive.google.com/file/d/16nFKOLRgoTL4MQwwrn60IA30IPp40SzB/view?usp=drivesdk
ebjrMM53.mp4,https://drive.google.com/file/d/15PKvm2fYl1aFNhpZm3AhxE__ceaP1qus/view?usp=drivesdk
G0vvcncN.mp4,https://drive.google.com/file/d/1ehLTyokyE8qdp5W_7ChC-JS-seX2-9PO/view?usp=drivesdk
1O18MObh.mp4,https://drive.google.com/file/d/1mkRqnJVVpfR2NrHdoonndB2fTvuRCVLR/view?usp=drivesdk
0Srk33xU.mp4,https://drive.google.com/file/d/1DNYwYvYqCahjrprq_7tVjR4mpA31Bfha/view?usp=drivesdk
wQKnlZmx.mp4,https://drive.google.com/file/d/1Y8y7SUfo3j-MRq4DgsvERk8dem5bniHk/view?usp=drivesdk
B0Su5xdm.mp4,https://drive.google.com/file/d/1VVLUCNRZbQCJZVillslygy4ZiJs15umD/view?usp=drivesdk
J8qdjHy8.mp4,https://drive.google.com/file/d/1-6wdTxO7FJnpYDbLoCEc1ljS4SwcuND7/view?usp=drivesdk
GESYi2xq.mp4,https://drive.google.com/file/d/1Nkfwcj3I2QINSwDC5hBwcUr0ZPGN9ZC4/view?usp=drivesdk
dpphCSNb.mp4,https://drive.google.com/file/d/1f7Nxog_nR2AvBU1S7rSRoSnQEibs9i3n/view?usp=drivesdk
jDDqCwxU.mp4,https://drive.google.com/file/d/1aFCK2kk68bDJIFAlyFyYtkjVZv2D9wux/view?usp=drivesdk
jqIKMt9a.mp4,https://drive.google.com/file/d/1IKQ9n8E5TBwczMrhqEm70NepnKapCdE7/view?usp=drivesdk
WxIscnh0.mp4,https://drive.google.com/file/d/1r8dSoiQ5srwMgZJFVthZ2f8Ry2IT5CpW/view?usp=drivesdk
pA5ISzHH.mp4,https://drive.google.com/file/d/1pqUZhcpxdIerje7-l5Rwfggcc5Ohlb3K/view?usp=drivesdk
DmezZ8gC.mp4,https://drive.google.com/file/d/1uTmXCFwehPnvC1ed1VqMeANNf99V7vrN/view?usp=drivesdk
w2e3O8Lh.mp4,https://drive.google.com/file/d/1grQ1rQPd7IodJz2qMV66GyGgqRmZUzAc/view?usp=drivesdk
8t6W3ykG.mp4,https://drive.google.com/file/d/1bIhGm7PgCqIxfSTcZTp3Bkh8qWBOZHRR/view?usp=drivesdk
kEC7G8DP.mp4,https://drive.google.com/file/d/1Bms69p_rbBUIAiL0B7La6Jk7bdLp4p_4/view?usp=drivesdk
FWDyTLr2.mp4,https://drive.google.com/file/d/1_tnr4rN9R4XXBbGOF2uG4_e56aS7qhFr/view?usp=drivesdk
LGqwZPty.mp4,https://drive.google.com/file/d/1NMU7fqOoC22II3-mvpduHlmTpSRVWuix/view?usp=drivesdk
EuMyzKCY.mp4,https://drive.google.com/file/d/10DH2UdHere5G1coaq42XGmhxqFlTsYdw/view?usp=drivesdk
JFoDIM9T.mp4,https://drive.google.com/file/d/1W70L1I3G7wX9ij8gZtYg14vt-BZencK9/view?usp=drivesdk
e13bsM5a.mp4,https://drive.google.com/file/d/1Ch3RSaGE_g5QDwNs5tWibtSwENH0M8pW/view?usp=drivesdk
g5sxqMgO.mp4,https://drive.google.com/file/d/1WBs1n9jl-uCThBgnHhBoT7BKKuMle-bN/view?usp=drivesdk
POQZgYEM.mp4,https://drive.google.com/file/d/1JGmglAbOY6KK5FugxpdbxEzE3BLKBTaV/view?usp=drivesdk
kbOfCieZ.mp4,https://drive.google.com/file/d/1omMO6Z3uBNklbuSghDkqyzhyYIZRZULr/view?usp=drivesdk
I3OdhHne.mp4,https://drive.google.com/file/d/1SOkpjl_SGK_tscC-oO3o2CNu6YdQBhqG/view?usp=drivesdk
Jbr8myiV.mp4,https://drive.google.com/file/d/1d9J3QLlVgOfopDRhMrjlRLbhTGDoeZcG/view?usp=drivesdk
FDzVFOBn.mp4,https://drive.google.com/file/d/1U3ZsEni93Hly5YFsRMfbySOpu8zRLGHo/view?usp=drivesdk
AVXJQX9B.mp4,https://drive.google.com/file/d/1PKpge55PYfmnzX439g3L_vs_opVX2cUv/view?usp=drivesdk
C5W4TIo7.mp4,https://drive.google.com/file/d/11PVfpOlTiyH4YHeAt-QmtAReB1Ki6WMQ/view?usp=drivesdk
scqtqhQi.mp4,https://drive.google.com/file/d/15TIqYfUQ1klcaCOgzGKbxApgQ7KUc3oq/view?usp=drivesdk
Je470A3u.mp4,https://drive.google.com/file/d/17t1VDKqzAh8zlHDgm7eU8gFqDKbiTSy0/view?usp=drivesdk
P5wlKd0H.mp4,https://drive.google.com/file/d/1JafU07lyIcZ-FeRIoh5RLSuEGmuHkRdU/view?usp=drivesdk
vbBOikks.mp4,https://drive.google.com/file/d/11bZXkjv9Zdfk7fBOlpsgGN7HTW0Kf12i/view?usp=drivesdk
MeABXs62.mp4,https://drive.google.com/file/d/1evTqPV6Kj9HK9iN0xuBS44zv6ofhL64e/view?usp=drivesdk
PftjeXxz.mp4,https://drive.google.com/file/d/12WxnvEnRX3IL2kcvM-yn5abbSOM15D4D/view?usp=drivesdk
xM4HMws8.mp4,https://drive.google.com/file/d/1WdTpUPYT-_Y2KqoiigIbN0UWYYlwTJkj/view?usp=drivesdk
3E8qiyD2.mp4,https://drive.google.com/file/d/1_gfnN4rEm52B3lVqgVPg5zluVkUr-CUC/view?usp=drivesdk
tJBmYuB7.mp4,https://drive.google.com/file/d/1SvID9tDUEhD9o5cxvlUFsKvwEUuFGakU/view?usp=drivesdk
iIzgYYRS.mp4,https://drive.google.com/file/d/1K5m5azj_cyhCr9_s2YvF12gl3OcvoI16/view?usp=drivesdk
nGyTDr5q.mp4,https://drive.google.com/file/d/1ZxcC_K8VqJLHi9Vpzf9h-falv7cGLYQp/view?usp=drivesdk
A5ya7RsN.mp4,https://drive.google.com/file/d/1CWKKsbQPdFSCpVyHOKKoLaJ7yR6qH2L5/view?usp=drivesdk
Sh2ZCYBZ.mp4,https://drive.google.com/file/d/1g4A1lGpAxPbolt-_njfwWJJFZ0YCTTC8/view?usp=drivesdk
W0BHMtXT.mp4,https://drive.google.com/file/d/1HbsgLcgWTOxxqTAT6upN9e7vTwEA14tC/view?usp=drivesdk
VPAqPZQI.mp4,https://drive.google.com/file/d/1hAHT3ku42KwopU_csxACIsEsLeWxDbbz/view?usp=drivesdk
qUI9PiJS.mp4,https://drive.google.com/file/d/1zWWfhecDVnQQ4Ss0-2SIjjT5arkqYNgf/view?usp=drivesdk
Rxka2Dfe.mp4,https://drive.google.com/file/d/10bS1Sp7fMCC-lKecOg_pmsJ5kkaUP34L/view?usp=drivesdk
VEBURFuk.mp4,https://drive.google.com/file/d/1aCEzKBr1udAzH8B7Udmv6lBjM6DwgA5U/view?usp=drivesdk
4OQQyQYB.mp4,https://drive.google.com/file/d/1U8J5PGrBjz6fvBRXuOKMiwlM6F9WGY_I/view?usp=drivesdk
QNEd2eGX.mp4,https://drive.google.com/file/d/1x7rqEglqxzC2ru_2-CanUhgKNNUkNAh6/view?usp=drivesdk
Dkjr9F7k.mp4,https://drive.google.com/file/d/1Ma-Oat8pRWDWpVe8kB-SyAyTmwJ_YAyK/view?usp=drivesdk
ePyMog6n.mp4,https://drive.google.com/file/d/1rBBiDzTDQ8HkwtqsmT-tEjLR7liSS-dU/view?usp=drivesdk
GLKexPjc.mp4,https://drive.google.com/file/d/1AI1z8cxlRxSQEkWidGDJvqIR0g13LKbq/view?usp=drivesdk
PVhE1xsN.mp4,https://drive.google.com/file/d/1Ye9XqAF2RK5Oy_wZKUXC6CDiBFk2p86X/view?usp=drivesdk
7Vgougy8.mp4,https://drive.google.com/file/d/1DGLQmy_TvYZ5Qe57NlYsjX_3mIE8fNtf/view?usp=drivesdk
oSFbRH4g.mp4,https://drive.google.com/file/d/1KhCNWVOrinrMmBSMuTFc8mEBlXlUUqbe/view?usp=drivesdk
K7pXSGJ9.mp4,https://drive.google.com/file/d/10gnJqnuFpssbd4ENTcU8MvZ6tMJTo52k/view?usp=drivesdk
HWfZASLi.mp4,https://drive.google.com/file/d/1D4uM-jF8GB3TxZZ44rsJttZSVUX_E3We/view?usp=drivesdk
mMfeNBCP.mp4,https://drive.google.com/file/d/1Lyd28AF7TaTG-N__2vTVHTgRovWAoBF2/view?usp=drivesdk
maugZAlg.mp4,https://drive.google.com/file/d/1__1ao2UzqgB6CfUEinZP-JIAfczGFeVb/view?usp=drivesdk
DHAxflfI.mp4,https://drive.google.com/file/d/1yUOR5LZULkuR8NgL7VjiTwItvU_xWpwo/view?usp=drivesdk
LAervIgm.mp4,https://drive.google.com/file/d/1AO5O9iku6I-4oLu-wr2Iut2j0R7uHU-v/view?usp=drivesdk
XxnpBqCk.mp4,https://drive.google.com/file/d/17fUkO6qTXSkrmyw7Be5DbsfZWWa98kwN/view?usp=drivesdk
yzutrWiF.mp4,https://drive.google.com/file/d/1Nean4cmmDCko6Y29RPXhBPYZN5EO5aza/view?usp=drivesdk
lxLc4Sek.mp4,https://drive.google.com/file/d/1xxtXgprGqyrfbh_BGI1NJFuLNIfA6c8V/view?usp=drivesdk
icUtiB0b.mp4,https://drive.google.com/file/d/1EtRpqrxneQe0LGa1KnaQSJwwUwE3-mBs/view?usp=drivesdk
g1eKN8fK.mp4,https://drive.google.com/file/d/1uebLvaDs3zF00MeqZq4wJoDoeB-YWTUk/view?usp=drivesdk
GboPBbli.mp4,https://drive.google.com/file/d/1DnzflgO_4tSRKFbN_giTsslHHHdp4QAi/view?usp=drivesdk
KHDHZ4c5.mp4,https://drive.google.com/file/d/1JctTdttkHsxxk-P8dFQ2cCyqmE4rlQRO/view?usp=drivesdk
18Ojgzwr.mp4,https://drive.google.com/file/d/1WAirKiSDZcVppzzJGnyREYXpfUpOwSzz/view?usp=drivesdk
hsX5kAeZ.mp4,https://drive.google.com/file/d/18a16iZHZSOYijxsKhCa9X-JSuhYcUgYu/view?usp=drivesdk
5msHe2ZM.mp4,https://drive.google.com/file/d/15id_kY5TVljCQrR2Z-LP8kOyn3ixITIk/view?usp=drivesdk
ydqOOaks.mp4,https://drive.google.com/file/d/1dpkO9AyL3HwF3uYZ6XjkZLbC9DFbgf5f/view?usp=drivesdk
kFPZtJof.mp4,https://drive.google.com/file/d/17zoGcClZFA3Km5qWGig5bqG16-OIr6CX/view?usp=drivesdk
15IPa5iS.mp4,https://drive.google.com/file/d/1-5hSaHhvT4MKGZEk6W3Mh8i34dEY9SEg/view?usp=drivesdk
jtNISX4F.mp4,https://drive.google.com/file/d/1i7SLc6CiX6QQxVS_AiD6eMTaKD8jti0n/view?usp=drivesdk
GITsdVy7.mp4,https://drive.google.com/file/d/1SWd1bhMQNC9Y4H0N2TqHc2L327qBt1A5/view?usp=drivesdk
gudwNnwN.mp4,https://drive.google.com/file/d/1vWqMTUkJi7PejbUUqPdZMb9dqtCaAR15/view?usp=drivesdk
QJ2012XI.mp4,https://drive.google.com/file/d/1oeYsFH4OCpoZabHn0cX9ggHX9rOXJ4xw/view?usp=drivesdk
AnEq8Uph.mp4,https://drive.google.com/file/d/1WRkt0pj-2mR3cfgVBQRydC60_H3DSvSP/view?usp=drivesdk
QLZHPS8I.mp4,https://drive.google.com/file/d/1Mi1Ct-Twb8zbkmvUZ1IfZBrXaAbkUKZ9/view?usp=drivesdk
iJsDlll8.mp4,https://drive.google.com/file/d/1ugTAReZp89Zq8WL2l4zBQmMlCwtINiNu/view?usp=drivesdk
Wyg30nvk.mp4,https://drive.google.com/file/d/1DkZH9GajK1MPSjeyuBb0Zs_RO3e1sP0t/view?usp=drivesdk
H1SDVD0X.mp4,https://drive.google.com/file/d/1Sizl_Q1gRUgeKvyB37Z63_XGys3zFjAR/view?usp=drivesdk
9Ex5Byum.mp4,https://drive.google.com/file/d/12dxvATcKkP8ZLWWzqsmQ69o_CniWaTXQ/view?usp=drivesdk
xvPEk4QE.mp4,https://drive.google.com/file/d/1B-rMTRvvyQBALj4cJOZeZhdhiFCjIP32/view?usp=drivesdk
hxJw9Wjr.mp4,https://drive.google.com/file/d/1OCXBImR33SYwJMaBgemsVI7_NCCtcFeG/view?usp=drivesdk
ySEYmd1c.mp4,https://drive.google.com/file/d/1-sLBDmROXCWxjbXN9MlEVLwNU3d9ggTq/view?usp=drivesdk
a6j4D1CL.mp4,https://drive.google.com/file/d/1ZpXoNQKJl_tXbfhUXQ8nAvtbAGVstFkq/view?usp=drivesdk
bYuhoS4X.mp4,https://drive.google.com/file/d/1tdTjz1SB_jhxfD-M9McbKmxpTNlcRZdJ/view?usp=drivesdk
ekZNvuex.mp4,https://drive.google.com/file/d/1WpPC_JhfpmeAKte4Q_lkgBp6tLIoxXRd/view?usp=drivesdk
JoT31ute.mp4,https://drive.google.com/file/d/1mguAU4pMPcPSCsodYnhCW1rJ1umtry-Y/view?usp=drivesdk
47x9mXqX.mp4,https://drive.google.com/file/d/1bXJjbSN4N35sSl28fZW-zhCErQYRI6G4/view?usp=drivesdk
XbdRrkxS.mp4,https://drive.google.com/file/d/1VKLJXtV531u9Z9bliqQi-n9I-qz-43sa/view?usp=drivesdk
ZK2JlJsq.mp4,https://drive.google.com/file/d/1bfRw0Y97hlP2wAc7I8Bpk8GPGn3HxDDh/view?usp=drivesdk
JOmsdP6A.mp4,https://drive.google.com/file/d/1-cSN__ZB1knnAn2sOH2CjOX0FFa5NYwo/view?usp=drivesdk
MD7hICzN.mp4,https://drive.google.com/file/d/1Zr42BS31jk7BbLSfJiHUUQlqj3yBe3BC/view?usp=drivesdk
zkO4XPXQ.mp4,https://drive.google.com/file/d/17eEfAEVgzJ5zne_LBk0Ykgz6Oo7vTuDz/view?usp=drivesdk
zvYmZ0SS.mp4,https://drive.google.com/file/d/1Q-ot-cQ6A_vbpUqS7ryvRK69Mbpwa_l6/view?usp=drivesdk
pmYdj2Zc.mp4,https://drive.google.com/file/d/1rWwZR7_ovhvklFMxYesIwx8zFBzRGD3J/view?usp=drivesdk
oDGL8XpK.mp4,https://drive.google.com/file/d/17xruXF11fNtmDD8HD-2LglWmGLIoUlWZ/view?usp=drivesdk
1y68rPwI.mp4,https://drive.google.com/file/d/1mfr4UbHeoATSRKTi1677xlO1HW5m2FMI/view?usp=drivesdk
Y2Mijmxk.mp4,https://drive.google.com/file/d/1AvuhQPfpVu3K-gpXIa849osyZc5UrthK/view?usp=drivesdk
erdKOQ7X.mp4,https://drive.google.com/file/d/1AecOPeLbNZk39IQBNyYvRpuhYpxEcz5o/view?usp=drivesdk
zgGJNHuU.mp4,https://drive.google.com/file/d/1naXBWBDXXDdKa9rlUvaBG0uSSK8uydma/view?usp=drivesdk
gZry6Nal.mp4,https://drive.google.com/file/d/1IJo_lPc4QuZyFdc0uzWKe2TFDzJ44re0/view?usp=drivesdk
JNh9mTC7.mp4,https://drive.google.com/file/d/17CER9mfpoO_501NcfeGlUdEDfQQa2A5O/view?usp=drivesdk
oluI9aqT.mp4,https://drive.google.com/file/d/1_QBJxqrAjOsf4yneHp1mDemZUTwmBa6v/view?usp=drivesdk
GwvQ3hpI.mp4,https://drive.google.com/file/d/1tQPYmCZz2o1escOTXe7vk91YRp_ITR09/view?usp=drivesdk
DVmTCuSO.mp4,https://drive.google.com/file/d/1N6bWVeApRs-brQqK-ZXI5OfSbvMD1f8r/view?usp=drivesdk
CAMRbQ1K.mp4,https://drive.google.com/file/d/1WrFdIJ72UWlajKiy97QnntZKGNAYiOcW/view?usp=drivesdk
MKMvRw1P.mp4,https://drive.google.com/file/d/1iYVl5pIYTbGjTB-yeHKqkTR16lk7ZwgP/view?usp=drivesdk
Ni69ryle.mp4,https://drive.google.com/file/d/10bXAlX6GMjQ8AiM7qHVQG9hjmx0629uN/view?usp=drivesdk
uQaqBtOs.mp4,https://drive.google.com/file/d/1ucbfzNYXqA0dAQwG6JumLBrw0ARfHZJG/view?usp=drivesdk
pL2bL6bG.mp4,https://drive.google.com/file/d/14_B8Nxb6TGES7Dbh3IRkGeRnw0glpNt9/view?usp=drivesdk
89hcos29.mp4,https://drive.google.com/file/d/15jWL7GF6CsFewBkWwZzT3j2IqPYtKAmm/view?usp=drivesdk
jS1r3uGd.mp4,https://drive.google.com/file/d/1Jv9zGKQOuqB4BDAn96a-8gC1gDYyNdTW/view?usp=drivesdk
a2SHGIQT.mp4,https://drive.google.com/file/d/1DQUaaj4akorx0EQAFM9x4x6NyNqs3L24/view?usp=drivesdk
PhCyuRvo.mp4,https://drive.google.com/file/d/1kvKbgcRGZEQi3Okp9McZstnnLJtntLbN/view?usp=drivesdk
mgKwPHtm.mp4,https://drive.google.com/file/d/1Qt8g_5XS6pRBxtVe6W7WkUAL_zC6iEo5/view?usp=drivesdk
1ovgasC1.mp4,https://drive.google.com/file/d/1hxcre9ziageZnvFz_LhH6H_qkyybm7k2/view?usp=drivesdk
Ycmah3Py.mp4,https://drive.google.com/file/d/1G4xcFbGITQaGh4b1xkwcFGaL1ozGIgXQ/view?usp=drivesdk
2SV6hYB2.mp4,https://drive.google.com/file/d/1pvDysNIoce264YrVyvq1IpoMbyqRZsWd/view?usp=drivesdk
6MFubdNK.mp4,https://drive.google.com/file/d/1rIs3EtJv58CNvXx3Qn2Osb36o4lMtg4Y/view?usp=drivesdk
g84PP6lh.mp4,https://drive.google.com/file/d/1GVol1SKD2vf9XJXVDE1JihQvAlCgq0JS/view?usp=drivesdk
PA4bXBlr.mp4,https://drive.google.com/file/d/1S2qpCPxmlFRKGl6SkAZ4UQLAiZDmfQ8F/view?usp=drivesdk
EQSaAnPk.mp4,https://drive.google.com/file/d/1FK3qRssSTz146jjn6YgvUpz0viUNCkEz/view?usp=drivesdk
v8Q5mj77.mp4,https://drive.google.com/file/d/1rCtdE-kCW1HbThhCPoLF2a1w0Mb8869J/view?usp=drivesdk
gO7Cpt1X.mp4,https://drive.google.com/file/d/1L3U4ity-SIQm2gYH2eemiydOrrxmhz6x/view?usp=drivesdk
en9ir5DJ.mp4,https://drive.google.com/file/d/1M5D27EpoC6zCJ4pl48y3N9_DLNXj8DkQ/view?usp=drivesdk
bqTsXpKl.mp4,https://drive.google.com/file/d/1Cb7NgO5qHyrEh9w9Ik4bbtdIghu9wrra/view?usp=drivesdk
UDXlpEgF.mp4,https://drive.google.com/file/d/1Pq5YOkP5Mocs9GcpGXCW0N-IzyWdO3iV/view?usp=drivesdk
b632WDpF.mp4,https://drive.google.com/file/d/1JWpXhgPxfm-ZBIY3TFJCDI2KuybYt2oi/view?usp=drivesdk
ybGzWMPA.mp4,https://drive.google.com/file/d/15HCNWD7f_uZ3zVSv8oDgsryL05kKthYd/view?usp=drivesdk
KyINSk8e.mp4,https://drive.google.com/file/d/1VSLEW9TBZxAzBerxoYfV_akiQLuL0pQZ/view?usp=drivesdk